<?xml version="1.0" ?>
<?xml-stylesheet type="text/xsl" href="books.xsl"?>
<books>
<book>
<title>OS</title>
<author>William Stallings</author>
<isbn>9352866711</isbn>
<publisher>Pearson</publisher>
<edition>sixth</edition>
<price>300</price>
</book>
<book>
<title>MPMC</title>
<author>AK Ray</author>
<isbn>9780070151260</isbn>
<publisher>McGraw Hill Education India Private Limited</publisher>
<edition>second</edition>
<price>400</price>
</book>
<book>
<title>Wings of Fire</title>
<author>APJ Abdul kalam</author>
<isbn>9788173711466</isbn>
<publisher>Sangam books</publisher>
<edition>1999</edition>
<price>153</price>
</book>
<book>
<title>Programming in ANSI C</title>
<author>Balagurusamy</author>
<isbn>9789339219666</isbn>
<publisher>McGraw Hill Education India Private Limited</publisher>
<edition>seventh</edition>
<price>445</price>
</book>
</books>