<?xml version="1.0" encoding="UTF-8"?>
<?xml-stylesheet type="text/xsl" href="book.xsl"?>
<bookstore>
<book category="1">
 <Title>The Tom</Title>
 <Author>Henry Fielding</Author>
 <ISBN>1234</ISBN>
 <Publisher>wen Publictions</Publisher>
 <Edition>1st</Edition>
 <Price>1000</Price>
</book>

<book category="2">
 <Title>Pride and Prejudice</Title>
 <Author>Jane Austen</Author>
 <ISBN>1235</ISBN>
 <Publisher>Fendral Publicatins</Publisher>
 <Edition>3rd Edition</Edition>
 <Price>2030</Price>
</book>

<book category="3">
 <Title>David Copperfield</Title>
 <Author>David Copperfield</Author>
 <ISBN>1236</ISBN>
 <Publisher>Devaid Publisher</Publisher>
 <Edition>4th Edtion</Edition>
 <Price>3070</Price>
</book>

<book category="4">
 <Title>Madame Bovary</Title>
 <Author>Gustave Flaubert</Author>
 <ISBN>1239</ISBN>
 <Publisher>Harry Publications</Publisher>
 <Edition>6th Edition</Edition>
 <Price>5010</Price>
</book></bookstore>
